Stock	Chr	Pos
mcm5-01.chr3.samtools.vcf.gz	chr3L	6052703
mcm5-01.chr3.samtools.vcf.gz	chr3L	6835985
mcm5-02.chr3.samtools.vcf.gz	chr3R	30678220
mcm5-03.chr3.samtools.vcf.gz	chr3L	9510979
mcm5-04.chr3.samtools.vcf.gz	chr3R	18131359
mcm5-04.chr3.samtools.vcf.gz	chr3R	25783201
mcm5-04.chr3.samtools.vcf.gz	chr3R	29793687
mcm5-07.chr3.samtools.vcf.gz	chr3L	20083493
mcm5-08.chr3.samtools.vcf.gz	chr3L	4166743
mcm5-09.chr3.samtools.vcf.gz	chr3R	11136430
mcm5-10.chr3.samtools.vcf.gz	chr3L	7903425
mcm5-11.chr3.samtools.vcf.gz	chr3R	8430678
mcm5-11.chr3.samtools.vcf.gz	chr3R	13312953
mcm5-13.chr3.samtools.vcf.gz	chr3R	16116433
mcm5-14.chr3.samtools.vcf.gz	chr3L	1312263
mcm5-14.chr3.samtools.vcf.gz	chr3L	9150136
mcm5-14.chr3.samtools.vcf.gz	chr3R	17889550
mcm5-15.chr3.samtools.vcf.gz	chr3R	9164633
mcm5-18.chr3.samtools.vcf.gz	chr3L	12894861
mcm5-18.chr3.samtools.vcf.gz	chr3L	12998305
mcm5-19.chr3.samtools.vcf.gz	chr3L	1470033
mcm5-19.chr3.samtools.vcf.gz	chr3R	9663930
mcm5-20.chr3.samtools.vcf.gz	chr3L	9924116
mcm5-20.chr3.samtools.vcf.gz	chr3R	18964363
mcm5-21.chr3.samtools.vcf.gz	chr3L	643132
mcm5-22.chr3.samtools.vcf.gz	chr3L	8243691
mcm5-23.chr3.samtools.vcf.gz	chr3L	7518947
mcm5-23.chr3.samtools.vcf.gz	chr3L	13668543
mcm5-23.chr3.samtools.vcf.gz	chr3R	9616448
mcm5-24.chr3.samtools.vcf.gz	chr3L	5013870
mcm5-24.chr3.samtools.vcf.gz	chr3R	23725718
mcm5-24.chr3.samtools.vcf.gz	chr3R	29662516
mcm5-24.chr3.samtools.vcf.gz	chr3R	31132003
mcm5-25.chr3.samtools.vcf.gz	chr3R	19117248
mcm5-26.chr3.samtools.vcf.gz	chr3L	10979107
mcm5-26.chr3.samtools.vcf.gz	chr3L	16457581
mcm5-26.chr3.samtools.vcf.gz	chr3R	18552293
mcm5-28.chr3.samtools.vcf.gz	chr3L	11300841
mcm5-28.chr3.samtools.vcf.gz	chr3R	11291464
mcm5-28.chr3.samtools.vcf.gz	chr3R	31883698
